login,name,company,location,email,hireable,bio,public_repos,followers,following,created_at
iam-veeramalla,,,,,False,,0,0,0,
in28minutes,,,,,False,,0,0,0,
stacksimplify,,,,,False,,0,0,0,
thenaveensaggam,,,,,False,,0,0,0,
MadhavBahl,,,,,False,,0,0,0,
sivaprasadreddy,,,,,False,,0,0,0,
ashokitschool,,,,,False,,0,0,0,
Shahzaib-D-Memon,,,,,False,,0,0,0,
codewithdev,,,,,False,,0,0,0,
NotHarshhaa,,,,,False,,0,0,0,
InterviewReady,,,,,False,,0,0,0,
arvindr21,,,,,False,,0,0,0,
javabyraghu,,,,,False,,0,0,0,
SajeedAI,,,,,False,,0,0,0,
archygupta,,,,,False,,0,0,0,
daminisatya,,,,,False,,0,0,0,
hindupuravinash,,,,,False,,0,0,0,
janakiramm,,,,,False,,0,0,0,
erilyth,,,,,False,,0,0,0,
imbhargav5,,,,,False,,0,0,0,
Shra1V32,,,,,False,,0,0,0,
sriramalavalapati3,,,,,False,,0,0,0,
algorithmica-repository,,,,,False,,0,0,0,
Rudrabha,,,,,False,,0,0,0,
aadhar54,,,,,False,,0,0,0,
syedzada1100,,,,,False,,0,0,0,
mdashrafali-cs,,,,,False,,0,0,0,
sitaramc,,,,,False,,0,0,0,
ramsrigouthamg,,,,,False,,0,0,0,
CodeBustler,,,,,False,,0,0,0,
grvsharma1994,,,,,False,,0,0,0,
arbazkiraak,,,,,False,,0,0,0,
anoopkunchukuttan,,,,,False,,0,0,0,
pavanpodila,,,,,False,,0,0,0,
durgaprasadUI,,,,,False,,0,0,0,
ASHWIN990,,,,,False,,0,0,0,
prituyadav,,,,,False,,0,0,0,
ravi2krishna,,,,,False,,0,0,0,
Mirzaazmath,,,,,False,,0,0,0,
Prince-Shivaram,,,,,False,,0,0,0,
saikiranpi,,,,,False,,0,0,0,
lerndevops,,,,,False,,0,0,0,
KodiMadhavaRao,,,,,False,,0,0,0,
FazeelUsmani,,,,,False,,0,0,0,
ponnamkarthik,,,,,False,,0,0,0,
0xKayala,,,,,False,,0,0,0,
pbteja1998,,,,,False,,0,0,0,
Garima13a,,,,,False,,0,0,0,
manoharreddyporeddy,,,,,False,,0,0,0,
vishalsingh2972,,,,,False,,0,0,0,
maddydevgits,,,,,False,,0,0,0,
Kabir-Sagiii,,,,,False,,0,0,0,
royalpranjal,,,,,False,,0,0,0,
akshatnitd,,,,,False,,0,0,0,
skbly7,,,,,False,,0,0,0,
umangahuja1,,,,,False,,0,0,0,
shubham1810,,,,,False,,0,0,0,
amanovishnu,,,,,False,,0,0,0,
vishipayyallore,,,,,False,,0,0,0,
PAVANINADELLA,,,,,False,,0,0,0,
afarhan,,,,,False,,0,0,0,
uibrains,,,,,False,,0,0,0,
MuhammadHassaanArain,,,,,False,,0,0,0,
machinelearning147,,,,,False,,0,0,0,
mahi1108,,,,,False,,0,0,0,
vivekreddy-k,,,,,False,,0,0,0,
Santosh2740,,,,,False,,0,0,0,
GauravWalia19,,,,,False,,0,0,0,
Pavankunchala,,,,,False,,0,0,0,
rajeshwarpatlolla,,,,,False,,0,0,0,
shravankoninti,,,,,False,,0,0,0,
SAGARSURI,,,,,False,,0,0,0,
anudeepsai,,,,,False,,0,0,0,
devopsyuva,,,,,False,,0,0,0,
ajmalsiddiqui,,,,,False,,0,0,0,
yashrajkakkad,,,,,False,,0,0,0,
sagaragarwal94,,,,,False,,0,0,0,
DivyaChinta,,,,,False,,0,0,0,
cmcodes1,,,,,False,,0,0,0,
twaritwaikar,,,,,False,,0,0,0,
vamandeshmukh,,,,,False,,0,0,0,
DevashishPathrabe,,,,,False,,0,0,0,
apoorva-dave,,,,,False,,0,0,0,
bedapudi6788,,,,,False,,0,0,0,
mayank2903,,,,,False,,0,0,0,
r-devops,,,,,False,,0,0,0,
AmeerAbdul7,,,,,False,,0,0,0,
Abhey,,,,,False,,0,0,0,
pinkeshbadjatiya,,,,,False,,0,0,0,
shabda,,,,,False,,0,0,0,
NitishGadangi,,,,,False,,0,0,0,
manishprivet,,,,,False,,0,0,0,
mujaheed13,,,,,False,,0,0,0,
saiankit,,,,,False,,0,0,0,
sharanya02,,,,,False,,0,0,0,
gkdevops,,,,,False,,0,0,0,
ironmaniiith,,,,,False,,0,0,0,
abhishekrawe,,,,,False,,0,0,0,
vihar,,,,,False,,0,0,0,
arnab9593,,,,,False,,0,0,0,
nithingooud,,,,,False,,0,0,0,
arunmotoori,,,,,False,,0,0,0,
swetanjal,,,,,False,,0,0,0,
RahulSonali,,,,,False,,0,0,0,
mohanbabi,,,,,False,,0,0,0,
prudhvir3ddy,,,,,False,,0,0,0,
ravikishore1993,,,,,False,,0,0,0,
nischalare,,,,,False,,0,0,0,
vivekvardhan2810,,,,,False,,0,0,0,
SaumyaMohandas,,,,,False,,0,0,0,
Srikarmk,,,,,False,,0,0,0,
kaushik-rishi,,,,,False,,0,0,0,
feat7,,,,,False,,0,0,0,
susiejojo,,,,,False,,0,0,0,
muralikrishna188,,,,,False,,0,0,0,
kshyam,,,,,False,,0,0,0,
linuxautomations,,,,,False,,0,0,0,
codelixir,,,,,False,,0,0,0,
BadagalaAdarsh,,,,,False,,0,0,0,
MayankGoel28,,,,,False,,0,0,0,
suhailroushan13,,,,,False,,0,0,0,
vishnupriya888,,,,,False,,0,0,0,
aravindballa,,,,,False,,0,0,0,
adiralashiva8,,,,,False,,0,0,0,
sav98aman,,,,,False,,0,0,0,
zubairabid,,,,,False,,0,0,0,
doltonfernandes,,,,,False,,0,0,0,
praveenpuglia,,,,,False,,0,0,0,
Shekharrajak,,,,,False,,0,0,0,
muskankhedia,,,,,False,,0,0,0,
jaiakash,,,,,False,,0,0,0,
urvashii-b,,,,,False,,0,0,0,
aravind-selvam,,,,,False,,0,0,0,
NarayandasGanesh,,,,,False,,0,0,0,
Himanshu12866,,,,,False,,0,0,0,
prakashpandey9,,,,,False,,0,0,0,
jhansireddy,,,,,False,,0,0,0,
SwethaVipparla,,,,,False,,0,0,0,
waseem18,,,,,False,,0,0,0,
nikhilrayaprolu,,,,,False,,0,0,0,
AgamAgarwal,,,,,False,,0,0,0,
Ahish9009,,,,,False,,0,0,0,
ashwin31,,,,,False,,0,0,0,
abhinav-upadhyay,,,,,False,,0,0,0,
asdsyd,,,,,False,,0,0,0,
RakeshSangem,,,,,False,,0,0,0,
kaziadilmemon,,,,,False,,0,0,0,
venkynaidu,,,,,False,,0,0,0,
0xMukesh,,,,,False,,0,0,0,
saurabh618,,,,,False,,0,0,0,
nowitsramesh,,,,,False,,0,0,0,
victorknox,,,,,False,,0,0,0,
SaikrishnaReddy1919,,,,,False,,0,0,0,
shankybnl,,,,,False,,0,0,0,
ankits-svg,,,,,False,,0,0,0,
Pothulapati,,,,,False,,0,0,0,
sanjushasuresh,,,,,False,,0,0,0,
raipankaj,,,,,False,,0,0,0,
vramana,,,,,False,,0,0,0,
pranjalchaubey,,,,,False,,0,0,0,
xrisk,,,,,False,,0,0,0,
kumarawsbit,,,,,False,,0,0,0,
ScrapCodes,,,,,False,,0,0,0,
adnanali-in,,,,,False,,0,0,0,
MuhammadZubair786,,,,,False,,0,0,0,
anantcodes,,,,,False,,0,0,0,
sonali123123,,,,,False,,0,0,0,
dnabanita7,,,,,False,,0,0,0,
nickinack,,,,,False,,0,0,0,
naveen-uppala,,,,,False,,0,0,0,
saichandrareddy1,,,,,False,,0,0,0,
aaryamvn,,,,,False,,0,0,0,
rajdeepd,,,,,False,,0,0,0,
ERAMITDHOMNE,,,,,False,,0,0,0,
farida-techie,,,,,False,,0,0,0,
soumitradev,,,,,False,,0,0,0,
chandu078,,,,,False,,0,0,0,
henit-chobisa,,,,,False,,0,0,0,
zephyrzilla,,,,,False,,0,0,0,
kuluruvineeth,,,,,False,,0,0,0,
zjesko,,,,,False,,0,0,0,
dkapur17,,,,,False,,0,0,0,
kalyanhadooptraining,,,,,False,,0,0,0,
vkosuri,,,,,False,,0,0,0,
mssanamateen,,,,,False,,0,0,0,
ankitpati,,,,,False,,0,0,0,
prasoonsoni,,,,,False,,0,0,0,
anjijava16,,,,,False,,0,0,0,
07-Mayankraj,,,,,False,,0,0,0,
ananyaarun,,,,,False,,0,0,0,
Karthik2917k,,,,,False,,0,0,0,
CaptainIRS,,,,,False,,0,0,0,
AurumnPegasus,,,,,False,,0,0,0,
Monicabishnoi,,,,,False,,0,0,0,
0xVikasRushi,,,,,False,,0,0,0,
akcube,,,,,False,,0,0,0,
vinaykumar2n,,,,,False,,0,0,0,
coniferousdyer,,,,,False,,0,0,0,
tracksdata,,,,,False,,0,0,0,
rajeshThappeta,,,,,False,,0,0,0,
Parth-Jain-2002,,,,,False,,0,0,0,
UmamaheshMaxwell,,,,,False,,0,0,0,
kolaparthisrini,,,,,False,,0,0,0,
surajbahadur591,,,,,False,,0,0,0,
devikumavath,,,,,False,,0,0,0,
ahmedgulabkhan,,,,,False,,0,0,0,
nandakishormpai,,,,,False,,0,0,0,
dheerajpreddy,,,,,False,,0,0,0,
shash42,,,,,False,,0,0,0,
harshita130602,,,,,False,,0,0,0,
inovizz,,,,,False,,0,0,0,
shravankumar147,,,,,False,,0,0,0,
phanimahesh,,,,,False,,0,0,0,
prasunanand,,,,,False,,0,0,0,
Diksha-Rathi,,,,,False,,0,0,0,
Anjani1598,,,,,False,,0,0,0,
venkat09docs,,,,,False,,0,0,0,
shb9019,,,,,False,,0,0,0,
crux-bphc,,,,,False,,0,0,0,
banrovegrie,,,,,False,,0,0,0,
sravikiran,,,,,False,,0,0,0,
JuiP,,,,,False,,0,0,0,
mhardik003,,,,,False,,0,0,0,
prateekagrawaliiit,,,,,False,,0,0,0,
Abdul535,,,,,False,,0,0,0,
iampranavdhar,,,,,False,,0,0,0,
dharavathramdas101,,,,,False,,0,0,0,
elevenpassin,,,,,False,,0,0,0,
chakrihacker,,,,,False,,0,0,0,
Balu-Varanasi,,,,,False,,0,0,0,
SimranAnand1,,,,,False,,0,0,0,
anishkasachdeva,,,,,False,,0,0,0,
akshatdalton,,,,,False,,0,0,0,
MicroPyramid,,,,,False,,0,0,0,
yaswanthpalaghat,,,,,False,,0,0,0,
sshreevignesh,,,,,False,,0,0,0,
Ashish-kumar7,,,,,False,,0,0,0,
tanya-tm,,,,,False,,0,0,0,
codewithshek,,,,,False,,0,0,0,
thecaffeinedev,,,,,False,,0,0,0,
tejasvicsr1,,,,,False,,0,0,0,
Vikram310,,,,,False,,0,0,0,
rvk7895,,,,,False,,0,0,0,
freyamehta99,,,,,False,,0,0,0,
owii8247,,,,,False,,0,0,0,
vibhanshujainiiitr,,,,,False,,0,0,0,
Safiakhatoon767,,,,,False,,0,0,0,
iamshubhamg,,,,,False,,0,0,0,
Mehulcoder,,,,,False,,0,0,0,
rajarsheem,,,,,False,,0,0,0,
theja-m,,,,,False,,0,0,0,
akshar-raaj,,,,,False,,0,0,0,
AnupNair08,,,,,False,,0,0,0,
Prakash2403,,,,,False,,0,0,0,
ujjwal-raizada,,,,,False,,0,0,0,
sudhir-voleti,,,,,False,,0,0,0,
wolfram77,,,,,False,,0,0,0,
nmondal,,,,,False,,0,0,0,
FleetAdmiral,,,,,False,,0,0,0,
sushrut111,,,,,False,,0,0,0,
nimitbhardwaj,,,,,False,,0,0,0,
Vanshika-Rana,,,,,False,,0,0,0,
srikanthlogic,,,,,False,,0,0,0,
keshav-exe,,,,,False,,0,0,0,
arpan-dasgupta,,,,,False,,0,0,0,
KirankumarAmbati,,,,,False,,0,0,0,
mridulnagpal,,,,,False,,0,0,0,
JyotimoyKashyap,,,,,False,,0,0,0,
callmepandey,,,,,False,,0,0,0,
arunsridher,,,,,False,,0,0,0,
harinadh76,,,,,False,,0,0,0,
virenv,,,,,False,,0,0,0,
iakhilteja,,,,,False,,0,0,0,
Vikr-182,,,,,False,,0,0,0,
Bhavnaharitsa,,,,,False,,0,0,0,
ganeshi4u,,,,,False,,0,0,0,
SetuCoder,,,,,False,,0,0,0,
AKSHITHA-CHILUKA,,,,,False,,0,0,0,
shivensinha4,,,,,False,,0,0,0,
Anji515,,,,,False,,0,0,0,
kasiriveni,,,,,False,,0,0,0,
chaitan94,,,,,False,,0,0,0,
ashu12chi,,,,,False,,0,0,0,
srinisbook,,,,,False,,0,0,0,
Gaini-Laxman,,,,,False,,0,0,0,
praveensripati,,,,,False,,0,0,0,
bandirevanth,,,,,False,,0,0,0,
rishabsingh3003,,,,,False,,0,0,0,
rkritika1508,,,,,False,,0,0,0,
kirankaranth1,,,,,False,,0,0,0,
jkka777,,,,,False,,0,0,0,
divais,,,,,False,,0,0,0,
kansiris,,,,,False,,0,0,0,
WinterSoldier13,,,,,False,,0,0,0,
whoisandy,,,,,False,,0,0,0,
ananyo2012,,,,,False,,0,0,0,
purugupta99,,,,,False,,0,0,0,
suneelbvs,,,,,False,,0,0,0,
amul-agrawal,,,,,False,,0,0,0,
sirilalithaadapa,,,,,False,,0,0,0,
bitoffabyte,,,,,False,,0,0,0,
gokulyc,,,,,False,,0,0,0,
vanigupta20024,,,,,False,,0,0,0,
srinivaskolaparthi,,,,,False,,0,0,0,
harshit3011,,,,,False,,0,0,0,
BhanuPrathapGoud,,,,,False,,0,0,0,
avijit9,,,,,False,,0,0,0,
RaghuVarma331,,,,,False,,0,0,0,
imajaydwivedi,,,,,False,,0,0,0,
Zshan0,,,,,False,,0,0,0,
samhita-alla,,,,,False,,0,0,0,
saidinesh5,,,,,False,,0,0,0,
sriramveeraghanta,,,,,False,,0,0,0,
axayjha,,,,,False,,0,0,0,
thrilok209,,,,,False,,0,0,0,
Deepali-Shinde,,,,,False,,0,0,0,
jaggu21,,,,,False,,0,0,0,
DivanshiGupta,,,,,False,,0,0,0,
souvik150,,,,,False,,0,0,0,
husain-zaidi,,,,,False,,0,0,0,
vaishnaviabbugari,,,,,False,,0,0,0,
kartikmandhan,,,,,False,,0,0,0,
narimetisaigopi,,,,,False,,0,0,0,
rajeshkumarkarra,,,,,False,,0,0,0,
Naman82,,,,,False,,0,0,0,
offensivesecurity,,,,,False,,0,0,0,
akshayblevel,,,,,False,,0,0,0,
sayedrafeeq,,,,,False,,0,0,0,
Jsuresh47,,,,,False,,0,0,0,
apnerve,,,,,False,,0,0,0,
Sharathchandra345,,,,,False,,0,0,0,
biswaroop1547,,,,,False,,0,0,0,
shreyamalogi,,,,,False,,0,0,0,
Puneet2000,,,,,False,,0,0,0,
DRA-chaos,,,,,False,,0,0,0,
specialsusheel,,,,,False,,0,0,0,
h-sinha,,,,,False,,0,0,0,
tulasiram58827,,,,,False,,0,0,0,
Joe2k,,,,,False,,0,0,0,
hemanth22,,,,,False,,0,0,0,
imjohnzakkam,,,,,False,,0,0,0,
prachiagrawal237,,,,,False,,0,0,0,
ayushpateria,,,,,False,,0,0,0,
tittuvarghese,,,,,False,,0,0,0,
singhalpranav22,,,,,False,,0,0,0,
abdullahhassan19,,,,,False,,0,0,0,
bmkmanoj,,,,,False,,0,0,0,
sasikiran,,,,,False,,0,0,0,
PrajwalKrishna,,,,,False,,0,0,0,
praveenr019,,,,,False,,0,0,0,
hacksdump,,,,,False,,0,0,0,
ahmedkaludi,,,,,False,,0,0,0,
harshil93,,,,,False,,0,0,0,
crusader2000,,,,,False,,0,0,0,
Sam-Si,,,,,False,,0,0,0,
Sudhindra3000,,,,,False,,0,0,0,
narasimhavuppala,,,,,False,,0,0,0,
shaadomanthra,,,,,False,,0,0,0,
Pranavtechie,,,,,False,,0,0,0,
mrc03,,,,,False,,0,0,0,
azharullah,,,,,False,,0,0,0,
HelioStrike,,,,,False,,0,0,0,
arijitx,,,,,False,,0,0,0,
MRamya-sri,,,,,False,,0,0,0,
Lishat,,,,,False,,0,0,0,
IITH-Epoch,,,,,False,,0,0,0,
saikrithik,,,,,False,,0,0,0,
Muhammad-Osama-Qureshi,,,,,False,,0,0,0,
Kush0301,,,,,False,,0,0,0,
mintuhouse,,,,,False,,0,0,0,
VarunT11,,,,,False,,0,0,0,
Rishav-hub,,,,,False,,0,0,0,
shivank01,,,,,False,,0,0,0,
pavs315,,,,,False,,0,0,0,
GO-viper7,,,,,False,,0,0,0,
chinmaydas96,,,,,False,,0,0,0,
shriomtri,,,,,False,,0,0,0,
naman1901,,,,,False,,0,0,0,
kritikarag,,,,,False,,0,0,0,
mohanarunachalam,,,,,False,,0,0,0,
mnadeem,,,,,False,,0,0,0,
Mustaqhasan,,,,,False,,0,0,0,
Ankush96,,,,,False,,0,0,0,
GaneshGanta,,,,,False,,0,0,0,
walkingtree,,,,,False,,0,0,0,
amoghakancharla,,,,,False,,0,0,0,
samacker77,,,,,False,,0,0,0,
saurabhmarpadge,,,,,False,,0,0,0,
debo98,,,,,False,,0,0,0,
srimani-programmer,,,,,False,,0,0,0,
The-Coder-Kishor,,,,,False,,0,0,0,
vikaschoudhary16,,,,,False,,0,0,0,
Bharathbrothers,,,,,False,,0,0,0,
wahidKhan74,,,,,False,,0,0,0,
DevPranjal,,,,,False,,0,0,0,
snath99920,,,,,False,,0,0,0,
MSurfer20,,,,,False,,0,0,0,
20sw084,,,,,False,,0,0,0,
RAJANAGORI,,,,,False,,0,0,0,
avinashkoyyana,,,,,False,,0,0,0,
amit-bhandari,,,,,False,,0,0,0,
keshakaneria,,,,,False,,0,0,0,
saisandhya3198,,,,,False,,0,0,0,
static-var,,,,,False,,0,0,0,
Hanzalashaik,,,,,False,,0,0,0,
sreesysadm,,,,,False,,0,0,0,
RoboticsClub-IIITH,,,,,False,,0,0,0,
arnavsharma93,,,,,False,,0,0,0,
malihanan,,,,,False,,0,0,0,
arshiya786-af,,,,,False,,0,0,0,
omkar-334,,,,,False,,0,0,0,
rameshkec85,,,,,False,,0,0,0,
rajatmaheshwari2512,,,,,False,,0,0,0,
pratishtha-abrol,,,,,False,,0,0,0,
psahithireddy,,,,,False,,0,0,0,
srinibasbiswal,,,,,False,,0,0,0,
sonali9696,,,,,False,,0,0,0,
AbhijnanVegi,,,,,False,,0,0,0,
susruth,,,,,False,,0,0,0,
Zohaib-Sathio,,,,,False,,0,0,0,
arhik,,,,,False,,0,0,0,
suryanshsrivastava,,,,,False,,0,0,0,
shubham9411,,,,,False,,0,0,0,
anuragnatoo,,,,,False,,0,0,0,
Deepayan137,,,,,False,,0,0,0,
Vishal0203,,,,,False,,0,0,0,
skvrahul,,,,,False,,0,0,0,
Puneeth-hub,,,,,False,,0,0,0,
SiddharthaBose30,,,,,False,,0,0,0,
cryptomint0,,,,,False,,0,0,0,
PALASH-BAJPAI,,,,,False,,0,0,0,
iraycd,,,,,False,,0,0,0,
biju-borah,,,,,False,,0,0,0,
gurramdhamodhar,,,,,False,,0,0,0,
deucaleon18,,,,,False,,0,0,0,
fayaz07,,,,,False,,0,0,0,
srikharshashi,,,,,False,,0,0,0,
swaroopnadella,,,,,False,,0,0,0,
belide,,,,,False,,0,0,0,
SriNandan33,,,,,False,,0,0,0,
sahitpj,,,,,False,,0,0,0,
troublemagnet,,,,,False,,0,0,0,
eyeamkd,,,,,False,,0,0,0,
fardeen9983,,,,,False,,0,0,0,
ShubhamVerma1811,,,,,False,,0,0,0,
agarwalchaitanya,,,,,False,,0,0,0,
Dayitva,,,,,False,,0,0,0,
Faizan2228,,,,,False,,0,0,0,
nobelium,,,,,False,,0,0,0,
swainshashwat,,,,,False,,0,0,0,
bandirevanth1,,,,,False,,0,0,0,
ashr81,,,,,False,,0,0,0,
Harshalshree,,,,,False,,0,0,0,
OmGodse,,,,,False,,0,0,0,
vamsitallapudi,,,,,False,,0,0,0,
Prathamkrishna,,,,,False,,0,0,0,
KORLA2,,,,,False,,0,0,0,
AkashGutha,,,,,False,,0,0,0,
adhilcodes,,,,,False,,0,0,0,
CaptAlpha,,,,,False,,0,0,0,
harshapathuri86,,,,,False,,0,0,0,
nisabmohd,,,,,False,,0,0,0,
mohdafzal21,,,,,False,,0,0,0,
mohan1998g,,,,,False,,0,0,0,
dixitgarg059,,,,,False,,0,0,0,
Koorimikiran369,,,,,False,,0,0,0,
shivajivarma,,,,,False,,0,0,0,
raghurama123,,,,,False,,0,0,0,
bvsatyaram,,,,,False,,0,0,0,
ashfaqnisar,,,,,False,,0,0,0,
piyushchauhan,,,,,False,,0,0,0,
DilipItAcademy,,,,,False,,0,0,0,
theshivamlko,,,,,False,,0,0,0,
kulbirsaini,,,,,False,,0,0,0,
DivyaKrishnani,,,,,False,,0,0,0,
chintanrparmar,,,,,False,,0,0,0,
ReddyDivya,,,,,False,,0,0,0,
PawanAIT,,,,,False,,0,0,0,
sirreajohn,,,,,False,,0,0,0,
sumanthd17,,,,,False,,0,0,0,
Naaman-Saif,,,,,False,,0,0,0,
prashantkatiyar9777,,,,,False,,0,0,0,
neo-fetch,,,,,False,,0,0,0,
aaryan610,,,,,False,,0,0,0,
SP9144,,,,,False,,0,0,0,
sanjay-sol,,,,,False,,0,0,0,
naveenjujaray,,,,,False,,0,0,0,
akhilvydyula,,,,,False,,0,0,0,
devalab,,,,,False,,0,0,0,
AnirG,,,,,False,,0,0,0,
RaghavSekhri,,,,,False,,0,0,0,
ktk53x,,,,,False,,0,0,0,
gargroh,,,,,False,,0,0,0,
tarunguptaraja,,,,,False,,0,0,0,
ctrl-gaurav,,,,,False,,0,0,0,
avannaldas,,,,,False,,0,0,0,
bagwanpankaj,,,,,False,,0,0,0,
Megha-Bose,,,,,False,,0,0,0,
AmoghTiwari,,,,,False,,0,0,0,
AnushaNathRoy,,,,,False,,0,0,0,
Rameshkumarpolavarapu,,,,,False,,0,0,0,
Rahmath-001,,,,,False,,0,0,0,
madhu314,,,,,False,,0,0,0,
prateekkumarweb,,,,,False,,0,0,0,
